id,first_name,last_name,email_address,password,phone,street_address,city,postal_code,country
1,Evangelia,Andrassy,eandrassy0@clickbank.net,9be28c8097ffccfa78bd64b84827046048fc4fde,(967) 9520948,5000 Muir Road,Ngaoundéré,,Cameroon
2,Zebulon,Scrivner,zscrivner1@goodreads.com,9be28c8097ffccfa78bd64b84827046048fc4fde,(722) 1149029,85941 Glendale Place,Fukagawa,999-7767,Japan
3,Evan,Skett,eskett2@4shared.com,9be28c8097ffccfa78bd64b84827046048fc4fde,(757) 3616527,80258 Pawling Terrace,Maubeuge,59604 CEDEX,France
4,Jason,Ludgate,jludgate3@hexun.com,9be28c8097ffccfa78bd64b84827046048fc4fde,(878) 4040833,16061 Hanover Alley,El Progreso,,Panama
5,Amie,Philbin,aphilbin4@statcounter.com,9be28c8097ffccfa78bd64b84827046048fc4fde,(672) 7770891,6642 Fairfield Park,Kribi,,Cameroon
6,Rora,Kleisel,rkleisel5@g.co,9be28c8097ffccfa78bd64b84827046048fc4fde,(579) 1376945,4 Mockingbird Way,La Sarre,J9Z,Canada
7,Bella,Payley,bpayley6@whitehouse.gov,9be28c8097ffccfa78bd64b84827046048fc4fde,(571) 6248122,8 Doe Crossing Plaza,Merrifield,22119,United States
8,Tadeo,Willatt,twillatt7@mlb.com,9be28c8097ffccfa78bd64b84827046048fc4fde,(811) 6334265,4 Raven Place,Paris 08,75419 CEDEX 08,France
9,Chic,Hully,chully8@google.de,9be28c8097ffccfa78bd64b84827046048fc4fde,(994) 1578035,9 Clemons Way,Al ‘Ashshah,,Yemen
10,Mannie,Gomersal,mgomersal9@flickr.com,9be28c8097ffccfa78bd64b84827046048fc4fde,(684) 9660614,7 Mcguire Lane,Kohtla-Järve,,Estonia